audit_id,claim,sentence,human_stance,human_entailment,notes
B001,"Cytoskeletal structures (microtubules, myelin) act as optical waveguides for biophotons","As an alternative to the lithography-based PIC, femto-second laser-written waveguides (FLWs) in SiO2 (glass) have in recent years been used to successfully implement advanced PICs (Davis et al., 1996; Marshall et al., 2009).",,,
B002,Coherent domains in cellular water organise or store electromagnetic energy relevant to UPE,"Tuszynski 1,3 1DIMEAS, Politecnico di Torino, Torino, Italy, 2CREOL, The College of Optics and Photonics, University of Central Florida, Orlando, FL, United States, 3Department of Physics, University of Alberta, Edmonton, AB, Canada The existence of an exclusion zone in which particles of a colloidal suspension in water are repelled from hydrophilic surfaces has been experimentally demonstrated in numerous studies, especially in the case of Naﬁon surfaces.",,,
B003,Brain UPE relates to neural activity or cognition (and could serve as a functional readout),"However, recent work demonstrating a negligible level of biophotonic activity in mouse brain slices suggests that in the absence of gluta- mate treatment, neural cells emit very few biophotons during in vitro perfusion [19].",,,
B004,Mental states or directed intention modulate human UPE,"Previous studies have demonstrated that long-term meditation has influence over the biophoton field (Van Wijk et al., 2006d; Van Wijk et al., 2008b).",,,
B005,The spectral distribution of UPE carries state-specific information (spectral fingerprints),"The spectrum distribution showed that the chemiluminescence had emission peaks at wavelengths between 500 and 650nm corresponding to the simultaneous transition of singlet molecular oxygen (1O2), 2[1ƒ¢9]•¨2[3‡”g-].",,,
B006,UV ultra-weak emission from dividing cells induces mitosis in neighbouring cells (mitogenetic radiation),Experimental methods that ignored Gurwitsch’s guidelines on UPE exposure times failed to reproduce mitogenetic eﬀects when receiver cells were signiﬁcantly overexposed to UPE [1].,,,
B007,UPE is (partially) coherent / non-classical light (squeezed states),They suggest that biophoton patterns in seeds provide evidence of the emergence of quantum coherence.,,,
B008,Delayed luminescence parameters index the physiological/quality state of tissue,"Delayed luminescence has typically described a process in plants with an established “photosystem,” but research has shown that other organisms also produce delayed luminescence (Scordino et al., 2014).",,,
B009,Spontaneous UPE is entirely a by-product of ROS oxidative chemistry (no dedicated biological function),"These results support the hypothesis that biophotonic radiation is not just a by-product of metabolism, but a revealing parameter of the electrodynamic coherence and energy potential of a biological system (Popp et al., 2011; Van Wijk et al., 2014). 15 South Florida Journal of Development, Miami, v.7, n.2. p. 01-20, 2026.",,,
B010,UV ultra-weak emission from dividing cells induces mitosis in neighbouring cells (mitogenetic radiation),"The absence of the mitogenetic effect may be due to any of the known causes, or to some unknown influences.",,,
B011,Brain UPE relates to neural activity or cognition (and could serve as a functional readout),"We show that, when observed under properly dark conditions, the UPE from the head is much weaker than what is reported in certain papers on “brain UPE” from human heads.",,,
B012,UPE is (partially) coherent / non-classical light (squeezed states),"There is evidence that bio-photon emission from plant leaves is coherent (Bajpai, 1999) and that both DNA (Popp et al., 1984) and cell membrane (Dotta et al., 2011) can act as a source of bio-photons.",,,
B013,Human surface UPE reflects systemic oxidative/health state (usable as a non-invasive biomarker),"In a study by Yang et al., the biophotons from the palm and back of the hand of healthy people and stroke patients were observed and measured for a year (12).",,,
B014,"Cytoskeletal structures (microtubules, myelin) act as optical waveguides for biophotons",There is some indirect evidence of light guidance in myelinated axons.,,,
B015,"Cells communicate through optical signals (non-chemical, non-electrical distant interaction)",It was pointed out that either meticulous and care- ful photonic signal preprocessing or employment of well-defined control signals19 is needed to avoid artifactual results or misinterpretation of the results.,,,
B016,Coherent domains in cellular water organise or store electromagnetic energy relevant to UPE,Scientiﬁc skepticism is called for here as the potentially relevant experiments from Pollack’s lab have not been replicated and no studies have shown any beneﬁt of EZ water to health in animals or humans.,,,
B017,Coherent domains in cellular water organise or store electromagnetic energy relevant to UPE,Functional brain imaging in relation to behavior reveals the formation of coherent domains of synchronized neuronal oscillatory activity and phase transitions predicted by the dissipative model.,,,
B018,"Cytoskeletal structures (microtubules, myelin) act as optical waveguides for biophotons",Such a method has experimentally been demonstrated for recon- structing the photon-number parity of heralded single photons generated via PDC emission from a semiconductor waveguide [154].,,,
B019,Coherent domains in cellular water organise or store electromagnetic energy relevant to UPE,"Two independent experiments have found that the magnitude of the repulsive force decays as a function of distance from the surface in a manner consistent with the diffusiophoresis theory.[1,3] The presence of a force decaying from the surface is inconsistent with the theory that a new phase forms in the exclusion zone.",,,
B020,"Cells communicate through optical signals (non-chemical, non-electrical distant interaction)",Our results support the existence of non-chemical signalling between isolated mitochondria.,,,
B021,"Seed/plant autoluminescence predicts vigour, stress state or product quality","The results are also consistent with the above results, indicating the good feasibility of the biophoton method for identifying the quality states of fresh Chinese herbs. 4 Discussion The quality of Chinese herbs is the basis for ensuring their safety, efﬁcacy, and stability.",,,
B022,UPE is (partially) coherent / non-classical light (squeezed states),"Our research group used honeysuckle buds and Platycodon grandiﬂorum leaves as the subjects of a preliminary study, found that the biophoton characteristics of fresh Chinese herbs at different growth stages, in different growth states, and of different species differed signiﬁcantly, and revealed three characteristic parameters, namely, counts per second (CPS) of spontaneous photon emission (SPE) in the steady state, and initial intensity (I0) and coherent time (T) of delayed luminescence (DL).",,,
B023,Delayed luminescence parameters index the physiological/quality state of tissue,"In addition, it has been demonstrated that the delayed luminescence (DL), a phenomenon of photo-induced, ultra-weak and prolonged in time emission of optical photons, is able to verify the origin and possible changes attributed to the presence and alterations of ordered structures [17,18].",,,
B024,Delayed luminescence parameters index the physiological/quality state of tissue,"The dynamic curves of group I, II, III revealed the DL relaxation trends of cell treated with 0 mmol/l, 1 mmol/l, and 2 and 3 mmol/l H2O2, respectively. * p < 0.05 represented a significant difference. 83 Delayed luminescence detecting oxidative stress H2O2 and gradually get saturated.",,,
B025,"Cytoskeletal structures (microtubules, myelin) act as optical waveguides for biophotons","Beyond the evidence of the role of photons in different forms of cellular ­communication22, the hypothesis that light may play some role in neurotransmission has been corroborated by the possibility that the myelin sheath behaves like a waveguide, whereas the origin of photons is ­controversial8,13.",,,
B026,Brain UPE relates to neural activity or cognition (and could serve as a functional readout),Descriptive statistics (Panels B–D) showed that the average UPE signal intensity (mean counts) was not useful in distinguishing brain electrodes (occipital and temporal) from background electrodes.,,,
B027,The spectral distribution of UPE carries state-specific information (spectral fingerprints),"Combining the ultraweak biophoton imaging system with the biophoton spectral analysis device, authors found that glutamate-induced biophotonic activities and transmission in the brain, which has recently been demonstrated as a novel neural signal communication mechanism, present a special red ship from animals (in order of bullfrog, mouse, chicken, pig, and monkey) to humans, even up to a near-infrared wavelength (~ 865 nm) in the human brain, in comparison from 691 nm in bullfrog to 806 nm in monkey!",,,
B028,Brain UPE relates to neural activity or cognition (and could serve as a functional readout),"Spectral analysis of the ultra-weak photon emission from different samples such as rat perfused lung, rat brain and liver homogenate, spinach mitochondria, cotyledons of etiolated seedlings of Cicer arietinum L., DNA, hemodialysis plasma cells, esophageal carcinoma cell line, porcine ex-vivo skin model induced by different treatment, showed that ultra-weak photon emission originates mostly from 3(R 5 O)*14,43–48.",,,
B029,UV ultra-weak emission from dividing cells induces mitosis in neighbouring cells (mitogenetic radiation),"Since, in experiments for demonstrating the presence of mitogenetic radia- tion by putting the biological material in both glass and quartz tubes in order to show its ultraviolet nature, tubes will be rubbed clean to avoid possible absorption, the effect shown above gives a possible explanation of the positive results that have been reported in such experiments.",,,
B030,Brain UPE relates to neural activity or cognition (and could serve as a functional readout),Theoretical and experimental evidence of macroscopic entangle- ment between human brain activity and photon emissions: implica- tions for quantum consciousness and future applications.,,,
B031,UPE is (partially) coherent / non-classical light (squeezed states),He observed only super-Poissonian statistics and did not ﬁnd conclusive evidence of a non-classical (quantum) behavior of light. 13 There are several other works which provided UPE photocount statistics without speculative intepretation.,,,
B032,"Cytoskeletal structures (microtubules, myelin) act as optical waveguides for biophotons",Together this provides clear evidence for the light guiding capability of Mu¨ller cells not only as isolated elements (5) but also within the intact retina.,,,
B033,"Cells communicate through optical signals (non-chemical, non-electrical distant interaction)","ISSN 2675-5459 This persistence of the photonic signal confirms that it is not a transient phenomenon but a coherent internal dynamic, characteristic of a particular energy structure.",,,
B034,The spectral distribution of UPE carries state-specific information (spectral fingerprints),"The authors analyze emission spectra and kinetics, demonstrating that UPE can reflect biological vitality and structural order in living systems. 9.",,,
B035,Human surface UPE reflects systemic oxidative/health state (usable as a non-invasive biomarker),"Successful imaging was achieved in mouse models of tumors, acute inflammation, and liver injury, highlighting its potential for real-time, noninvasive diagnostic applications (Figure 11C−F).74 Having reviewed the diverse chemiluminescent architectures for RONS detection, a deeper mechanistic comparison reveals clear structure−performance correlations that can guide next- generation probe design.",,,
B036,UPE is (partially) coherent / non-classical light (squeezed states),There is strong evidence that the power densities of the photon emissions for each hemisphere are not temporally coherent but lagged by approximately 1 s.,,,
B037,UV ultra-weak emission from dividing cells induces mitosis in neighbouring cells (mitogenetic radiation),"Grayston, “Partial evidence for the existence of mitogenetic radiation,” Microbiology 143, 1-3 (1997). 57.",,,
B038,Brain UPE relates to neural activity or cognition (and could serve as a functional readout),"Dai, Biophotons as neural communication signals demonstrated by in situ biophoton autography, Photochem.",,,
B039,UV ultra-weak emission from dividing cells induces mitosis in neighbouring cells (mitogenetic radiation),"It was also demonstrated that mitogenetic radiation can not only Advances in Physics Theories and Applications www.iiste.org ISSN 2224-719X (Paper) ISSN 2225-0638 (Online) Vol.30, 2014 21 stimulate, but also inhibit the cell growth.",,,
B040,Coherent domains in cellular water organise or store electromagnetic energy relevant to UPE,"These two species exist in equilibrium in small quantities when oxygen is dissolved in water, exist in much higher quantiﬁes in acidic solutions (such as near Naﬁon, see below), and can be induced by UV radiation.[57] There is evidence that both species absorb in the range of 240-260 nm.[57–60] Pollack also hypothesizes that when light is shined on EZ water it causes positive and negative charges to separate, and the EZ water region to grow.[36] This is problematic since water is a good conductor and charge separation would be difﬁcult to sustain.",,,
B041,"Cytoskeletal structures (microtubules, myelin) act as optical waveguides for biophotons","There is some indirect evidence of light guidance in axons12,28,29.",,,
B042,"Cytoskeletal structures (microtubules, myelin) act as optical waveguides for biophotons",Recent experimental evidence for light guidance by the myelin sheath supports the theoretical model45.,,,
B043,UPE is (partially) coherent / non-classical light (squeezed states),"The conclusion of our review is that while the phenomenon of UPE from biological systems can be considered experimentally well established, no reliable evidence for the coherence or nonclassicality of UPE was actually achieved up to now.",,,
B044,Delayed luminescence parameters index the physiological/quality state of tissue,"(2011) show-cased in vitro experimental evidence of spontaneous UPE and visible light-induced UPE (delayed luminescence) from freshly isolated rat’s whole eye, lens, vitreous humor, and retina.",,,
B045,"Cytoskeletal structures (microtubules, myelin) act as optical waveguides for biophotons","Here we show that Mu¨ller cells are wavelength-dependent wave-guides, concentrating the green-red part of the visible spectrum onto cones and allowing the blue-purple part to leak onto nearby rods.",,,
B046,UV ultra-weak emission from dividing cells induces mitosis in neighbouring cells (mitogenetic radiation),"Although further attempts to definitively show mitogenetic radiation with yeast were not successful, subsequent studies have revealed distinct spectral characteristics of the UPEs recorded from growing Escherichia coli cultures (Tilbury & Quickenden, 1988).",,,
B047,Delayed luminescence parameters index the physiological/quality state of tissue,"Copyright 1999, with permission from Elsevier) 31.2.4 Delayed Luminescence and Membrane Potential Some studies have shown that speciﬁc ions dissolved in the culture medium (Ho et al. 1998) affect the structure of the 1 cytoskeleton and the characteristics of the cytoplasmic streaming in the A.a. alga.",,,
B048,Mental states or directed intention modulate human UPE,Results showed that Meditation may affect the emission of biophotons.,,,
B049,"Cytoskeletal structures (microtubules, myelin) act as optical waveguides for biophotons","Axes dimension are in m. www.nature.com/scientificreports/ 7 Scientific REporTs | (2018) 8:539 | DOI:10.1038/s41598-017-18866-x However, since photon emission and propagation in the proposed model occur in a spatially oriented constraint, represented by the node-myelin axis, such photons are unlikely to be detected in the environment, even in close proximity of the cell; therefore, they probably do not participate to what is currently known as UPE35.",,,
B050,UPE is (partially) coherent / non-classical light (squeezed states),"Critical Remarks and Methodological Issues Although quantum biological interpretations are promising, there are currently a number of challenges: - Coherence time: biological systems operate in a thermal, noisy environment where the duration of quantum coherence is extremely short—typically on the order of picoseconds. - Lack of empirical evidence: few direct measurements confirm coherent biophoton emission.",,,
B051,UV ultra-weak emission from dividing cells induces mitosis in neighbouring cells (mitogenetic radiation),"This re- sult demonstrates that cellular signaling by UPE is entirely plausible, even when UV-ﬁltering by window glass and ozone are neglected and the UV-spectral selectivity of the mitogenetic eﬀect is entirely ignored.",,,
B052,Brain UPE relates to neural activity or cognition (and could serve as a functional readout),"Since biophotons originate from free radical biochemical reactions, it also indicates that the externally measured biophoton emission - sec 100 2   cm biophoton - from the cortex surface is not able to provide evidence for the real biophoton emission inside neuronal cells.",,,
B053,UV ultra-weak emission from dividing cells induces mitosis in neighbouring cells (mitogenetic radiation),"Indeed, most of these earlier studies were subject to similarly broad critiques, namely, a lack of adequate statistical analysis, failure to account for potential confounders such as volatile chemical communication, and perhaps most fundamentally, the lack of direct evidence for an electrochemical signal (and associated receptors) (Bateman, 1935), with Irving Langmuir going so far as to labelling Gurwitsch’s “mitogenic rays” as nothing more than “pathological science, driven by subjectiveness and wishful thinking” (Langmuir and Hall, 1989).",,,
B054,"Seed/plant autoluminescence predicts vigour, stress state or product quality","Therefore, to ensure the internal quality of the fruit, its titratable acidity, soluble solids, sugars, organic acids, lycopene content, and more recently, its biophoton level, as demonstrated in numerous studies, must be taken into account.",,,
B055,UPE is (partially) coherent / non-classical light (squeezed states),The use of these parameters is not meant to argue about optical characteristics of UPE because reliable evidence for coherence or non-classicality is missing [34].,,,
B056,UPE is (partially) coherent / non-classical light (squeezed states),"Report on the Electroluminescence of Water (2003) In this report (often cited as ""Electroluminescence report of 22.12.2003""), Popp demonstrates for the first time that UV irradiation deteriorates the biophotonic quality of spring water by breaking its structural coherence.",,,
B057,Brain UPE relates to neural activity or cognition (and could serve as a functional readout),"There was no significant correlation (r = 0.13, p > 0.05) between the energy of biophoton emission from the right hemisphere and the EEG power over the left prefrontal region during the intervals associated with not thinking about white light, i.e., thoughts about mundane events.",,,
B058,Coherent domains in cellular water organise or store electromagnetic energy relevant to UPE,"Comparing physical properties like viscosity, surface tension, evaporation rate, refrac- tive index, and contact angle of “magnetized” water with those of EZ water showed that they are similar (Upad- hyay, 2017).",,,
B059,"Cells communicate through optical signals (non-chemical, non-electrical distant interaction)","Unexposed cell populations close to activated cells respond to photonic signals, demonstrating cell-to- cell biophotonic communication.",,,
B060,"Seed/plant autoluminescence predicts vigour, stress state or product quality","While these findings support the plausibility of endogenous photonic signaling, extrapolation to plant-derived UPE-mediated modulation in human tissues remains speculative.",,,
B061,Brain UPE relates to neural activity or cognition (and could serve as a functional readout),A study showed that increased UPE in rats’ brains is related to oxidative stress (40).,,,
B062,Delayed luminescence parameters index the physiological/quality state of tissue,"In the present study, all conditions including dark adaptation of the subject were carefully controlled in order to exclude artifacts possibly due to delayed luminescence.",,,
B063,"Seed/plant autoluminescence predicts vigour, stress state or product quality","Source of seed coat UPE and the response to variable environments In the present study we show that in the presence of oxygen, the internal layer of P. vulgaris seed coats emits photons in response to both increasing temperature and decreasing relative humidity.",,,
B064,Human surface UPE reflects systemic oxidative/health state (usable as a non-invasive biomarker),"Furthermore, research in animal models have shown that UPE intensity from the body surface can significantly distinguish breast cancer-bearing mice from healthy controls, with emission levels varying in relation to tumor size [57].",,,
B065,Coherent domains in cellular water organise or store electromagnetic energy relevant to UPE,"Most interestingly, the exclusion zone water was found at the air–water interface and NMR measurements confirm that the layer is associated with decreased mobility (increased ordering) relative to the bulk water, while infrared imaging showed it emitted much less than bulk water, again indicative of increased order [4, 5].",,,
B066,Coherent domains in cellular water organise or store electromagnetic energy relevant to UPE,Photobiomo- dulation of aqueous interfaces: Finding evidence to support the exclusion zone in experimental and clin- ical studies.,,,
B067,"Seed/plant autoluminescence predicts vigour, stress state or product quality","The findings show that spectral shifts and emission intensities vary with physiological state, supporting the idea that UPE spectra can serve as indicators of plant vitality and biochemical integrity. 5.",,,
B068,UV ultra-weak emission from dividing cells induces mitosis in neighbouring cells (mitogenetic radiation),This is essentially what prompted Gurwitsch and collaborators to present the existence of mitogenetic radiation as de facto evidence for the non-equilibrium prop- erties of living matter [197].,,,
B069,UV ultra-weak emission from dividing cells induces mitosis in neighbouring cells (mitogenetic radiation),"He called these structures ""non-equilibrium molecular con- stellations"" (NEMC) and interpreted the data from some of his laboratory experiments on mitogenic radiation (so-called degradational radiation, detectable immediately aHer reversible tissue damage) as evidence forthe existence of NEMC.",,,
B070,Brain UPE relates to neural activity or cognition (and could serve as a functional readout),"Neuropharm. 5, 278-288. 111 Chapter 4: “Doubling” of Local Photon Emissions When two Simultaneous, Spatially Separated, Chemiluminescent Reactions Share the Same Magnetic Field Configurations Published in Journal of Biophysical Chemistry Abstract The aim of the present experiments was to discern if the “entanglement”-like photon emissions from pairs of cell cultures or human brains separated by significant distances but sharing the same circling magnetic field could be demonstrated with a classic chemiluminescent reaction produced by hydrogen peroxide and hypochlorite.",,,
B071,"Cytoskeletal structures (microtubules, myelin) act as optical waveguides for biophotons","On the basis of optical fiber and optical waveguide interferometers in combination with ultrahigh nonlinear optical elements (UHNO), such as semiconductor optical amplifiers (SOA), different high frequency optical classical logic gates are designed and demonstrated.",,,
B072,UPE is (partially) coherent / non-classical light (squeezed states),"Thus, the UPE is closely linked: • •to mitochondrial metabolism, • •to enzymatic activity, • •to cellular redox balance. 2.3 LIMITATIONS OF THE PURELY OXIDATIVE MODEL Although robust, this model fails to account for several observations: • •non-trivial spatial correlations of photon emission, • •coherent temporal structures (oscillations, long-term correlations), • •effects of very weak external stimuli (light, weak fields).",,,
B073,Brain UPE relates to neural activity or cognition (and could serve as a functional readout),"Here, we have provided experimental evidence that glutamate-induced biophotonic activities and transmission in brain slices present a spectral redshift feature from animals (bullfrog, mouse, chicken, pig, and monkey) to humans, which may be a key biophysical basis for explaining why human beings hold higher intelligence than that of other animals.",,,
B074,Mental states or directed intention modulate human UPE,"There is some experimental evidence for this given the apparent empirical relationships observed between conscious processes, such as intentionality and cognition, and associated activity of cerebral biophoton emission (e.g., Dotta & Persinger, 2011).",,,
B075,"Cells communicate through optical signals (non-chemical, non-electrical distant interaction)","Based on our analysis of the entangled light state (33), we have shown that optical signals induced by such entangled states cannot be reduced to a simple sum over the signal of each quantum mode: The quantum correlations depicted in Fig. 3 are nec- essarily missed in a single-mode approach.",,,
B076,The spectral distribution of UPE carries state-specific information (spectral fingerprints),Spectral analysis of the photon emissions from the water that had been exposed to the optimal intensity magnetic fields in the dark for several days before the photon emissions Spectral analysis of the ph oton em iss ions from the water t hat h ad been exp osed to the optimal intensity magnetic fields in the dark for several days before the photon emissions 20 ILCPA Volume 43 were measured revealed peaks in SPD at functional distances of 10 nm and 5 nm.,,,
B077,"Cells communicate through optical signals (non-chemical, non-electrical distant interaction)","Using this new method, we successfully detected biophotonic signals (dark Ag granules) in different biological materials, including germinating green bean seeds (Fig. 2A), and the brain slices (Fig. 2B, Fig. 3A–D), sciatic nerve and spinal nerve roots of rats (Fig. 2C–E), since it has been demonstrated that such biological materials can emit biophotons2,3,6,25 that can be detected by an EM-CCD camera in this study (Fig. 2F, G and I).",,,
B078,UV ultra-weak emission from dividing cells induces mitosis in neighbouring cells (mitogenetic radiation),The absence of species-specificity and the wide variety of inductors and detectors imply that the mechanisms underlying the mitogenetic effect appeared at the early stages of evolution.,,,
B079,"Cytoskeletal structures (microtubules, myelin) act as optical waveguides for biophotons","The results from simulations and experiments were consistent with each other, confirming that softmaterial waveguides worked well in confining electromagnetic waves within the dielectric layer.",,,
B080,Delayed luminescence parameters index the physiological/quality state of tissue,In this respect it was recently demonstrated that the ultraweak delayed luminescence is closely connected to the differentiation stage of the biological systems19.,,,
B081,Coherent domains in cellular water organise or store electromagnetic energy relevant to UPE,"In this section, the authors draw the conclusion, that coherent frequencies promote quantum entanglement (Fröhlich 1968 (60)) on the intra- and extracellular levels and in this way support the development of larger coherent domains (Bischof, Del Giudice 2013 (61)).",,,
B082,Delayed luminescence parameters index the physiological/quality state of tissue,Research has demonstrated that collagen tissue displays delayed luminescence when stimulated with a light source (M.,,,
B083,Delayed luminescence parameters index the physiological/quality state of tissue,"Time Course of Delayed Luminescence from Liver between the CCl4-Treated and Control Mouse after the 0.01-sec Illumination (A) 24-hr treated (dashed line) and control (solid line) group, the asterisk means the region where significant differences (p < 0.05) were shown by unpaired t-test (n = 6 for each group); (B) 72-hr treated (dashed line) and control (solid line) group. 159 No. 2 of liver tissues showed that the intensities of delayed luminescence were also discriminated depending on the degree of toxicities.",,,
B084,Delayed luminescence parameters index the physiological/quality state of tissue,"Unpaired t-test showed that sig- nificant differences (p < 0.05) in the intensity of delayed luminescence were kept until the elapsed time, 0.1 sec.",,,
B085,UV ultra-weak emission from dividing cells induces mitosis in neighbouring cells (mitogenetic radiation),The experiments with metal foil or water on the window may ex- plain why it is that some of the investigators who employed photo- electric methods for the demonstration of mitogenetic radiation found this radiation to be present while others did not.,,,
B086,"Cells communicate through optical signals (non-chemical, non-electrical distant interaction)","Kuzin (1997) obtained convincing evidence for the existence of distant interactions in experiments on unicellular organisms (yeast), plant tissues (seeds, buds, leaves, and tree bark), insects, and human blood.",,,
B087,UPE is (partially) coherent / non-classical light (squeezed states),Some experiments evidence that such biophoton coherence really takes place [12]; in this experimental set-up the transparent quartz plate was installed between the inductor and detector bio-systems.,,,
B088,Brain UPE relates to neural activity or cognition (and could serve as a functional readout),"In this work, we show that the experimental methodology and signal interpretation presented in previous studies10−12 do not adequately meet these requirements, and therefore do not provide a scientifically sound basis for attributing the reported signals to brain-derived UPE.",,,
B089,Brain UPE relates to neural activity or cognition (and could serve as a functional readout),"Discussion This study describes the first demonstration of UPE measurement of neural stem cells that increases with serial sub-culturing passages, and also showed that the UPE intensity of the neural stem cells diminishes after the dif- ferentiation and increment of UPE by AgNPs more pushes the differentiation of the neural stems to the neuron.",,,
B090,"Seed/plant autoluminescence predicts vigour, stress state or product quality","The experiments evidence that such long-distance signaling regulates eﬀectively the plant growth, preventing 2 Figure 1: Example of biophoton time spectra for development stage 16, full time scale 400 sec from the large ﬂuctuations of its global form, i.e. deﬁnes their morphogenesis [2, 3].",,,
B091,"Seed/plant autoluminescence predicts vigour, stress state or product quality","Toxicity has been studied using methods such as serum medicinal chemistry (Huang, 2022; Zhang, 2020). 3 Quantum-based biophoton technology: an emerging platform for innovating Chinese herbal research However, the above methods are mostly based on the actual effects of the drug to confirm its medicinal properties, while, particularly for plant-derived Chinese medicines, ignoring the formation and change patterns of medicinal properties during the growth process.",,,
B092,Brain UPE relates to neural activity or cognition (and could serve as a functional readout),"PubMed Theoretical and physiological models of neuronal UPE Revision and perspectives (Cifra & Pospíšil, 2015) This review synthesizes experimental and theoretical evidence that: 1.",,,
B093,Delayed luminescence parameters index the physiological/quality state of tissue,"We use “photon emission” primarily when it is unclear which mechanism is being demonstrated, BE or delayed luminescence.",,,
B094,Brain UPE relates to neural activity or cognition (and could serve as a functional readout),Redox regulated biophotons A great number of experiments have provided strong evidence that ROS (reactive oxygen species) and RNS (reactive nitrogen species) as well as their derivatives act as regulated secondary messengers in diverse cells and neurons during intracellular signaling and intercellular communication processes9.,,,
B095,Coherent domains in cellular water organise or store electromagnetic energy relevant to UPE,"COHERENT DOMAINS AND LIQUID WATER Several scientists from Del Guidice and his co- authors [47 - 52], Pollack et al. [11, 71, 79-82], and Ho et al. [9, 12, 83-84] have postulated and presented evidence that the concentration of CD domains in liquid water and natural water sources can increase after exposure to EMF radiation.",,,
B096,"Seed/plant autoluminescence predicts vigour, stress state or product quality",The involvement of P450s in biophoton emission from SU herbicide-treated plants was also confirmed in another experiment employing P450 gene-silenced cultured rice cells.,,,
B097,Brain UPE relates to neural activity or cognition (and could serve as a functional readout),"Nature Communications. https://doi.org/10.1038/s41467-018- 04639-1 Sun Y[an], Chao Wang, & Jiapei Dai (2010, Jan). “Biophotons as neural communication signals demonstrated by in situ bio- photon autography”.",,,
B098,UPE is (partially) coherent / non-classical light (squeezed states),There is strong evidence that the power densities of the photon emissions for each hemis- phere are not temporally coherent but lagged by approximately 1 s.,,,
B099,Brain UPE relates to neural activity or cognition (and could serve as a functional readout),Data collection and handling Both the EEG and UPE data were first examined for artifacts.,,,
B100,Coherent domains in cellular water organise or store electromagnetic energy relevant to UPE,"A recent study by Sharma et al. [98] reconfirmed that strongly hydrophilic surfaces such as Nafion, ghee (clarified butter), and cellulose paper (What man filter paper) can produce EZ water in the liquid and solid state.",,,
